{
  "deny": {
    "precision": 0.5714285714285714,
    "recall": 0.5714285714285714,
    "f1-score": 0.5714285714285714,
    "support": 7,
    "confused_with": {
      "goodbye": 2,
      "greet": 1
    }
  },
  "bot_challenge": {
    "precision": 1.0,
    "recall": 0.5,
    "f1-score": 0.6666666666666666,
    "support": 4,
    "confused_with": {
      "greet": 2
    }
  },
  "mood_great": {
    "precision": 0.25,
    "recall": 0.2,
    "f1-score": 0.22222222222222224,
    "support": 5,
    "confused_with": {
      "greet": 3,
      "affirm": 1
    }
  },
  "goodbye": {
    "precision": 0.2,
    "recall": 0.125,
    "f1-score": 0.15384615384615385,
    "support": 8,
    "confused_with": {
      "affirm": 3,
      "mood_unhappy": 2,
      "mood_great": 1
    }
  },
  "greet": {
    "precision": 0.3684210526315789,
    "recall": 0.7,
    "f1-score": 0.48275862068965514,
    "support": 10,
    "confused_with": {
      "mood_great": 1,
      "deny": 1
    }
  },
  "mood_unhappy": {
    "precision": 0.16666666666666666,
    "recall": 0.25,
    "f1-score": 0.2,
    "support": 4,
    "confused_with": {
      "goodbye": 2,
      "greet": 1
    }
  },
  "affirm": {
    "precision": 0.2857142857142857,
    "recall": 0.16666666666666666,
    "f1-score": 0.2105263157894737,
    "support": 12,
    "confused_with": {
      "greet": 4,
      "mood_unhappy": 3,
      "deny": 2
    }
  },
  "accuracy": 0.36,
  "macro avg": {
    "precision": 0.40603293949158603,
    "recall": 0.35901360544217686,
    "f1-score": 0.35820693580610624,
    "support": 50
  },
  "weighted avg": {
    "precision": 0.3725889724310777,
    "recall": 0.36,
    "f1-score": 0.3432489800983449,
    "support": 50
  }
}